﻿"Cube Title","Product Id","CANSIM Id",URL,"Cube Notes","Archive Status",Frequency,"Start Reference Period","End Reference Period","Total number of dimensions"
"Supply and disposition of natural gas, monthly (data in thousands)","25100055","131-0004","https://www150.statcan.gc.ca/t1/tbl1/en/tv.action?pid=2510005501",1;6,"CURRENT - a cube available to the public and that is current","Monthly","2016-01-01","2024-09-01","3",

"Dimension ID","Dimension name","Dimension Notes","Dimension Definitions"
"1","Geography",,""
"2","Supply and disposition",,""
"3","Unit of measure",,""

"Dimension ID","Member Name","Classification Code","Member ID","Parent Member ID",Terminated,"Member Notes","Member Definitions"
"1","Newfoundland and Labrador","[10]","2","1","",,
"1","Prince Edward Island","[11]","3","1","",,
"1","Nova Scotia","[12]","4","1","",,
"1","New Brunswick","[13]","5","1","",,
"1","Quebec","[24]","6","1","",,
"1","Ontario","[35]","7","1","",,
"1","Manitoba","[46]","8","1","",,
"1","Saskatchewan","[47]","9","1","",,
"1","Alberta","[48]","10","1","",,
"1","British Columbia","[59]","11","1","",,
"1","Northwest Territories","[61]","12","1","",,
"1","Yukon","[60]","13","1","",,
"1","Nunavut","[62]","14","1","",,
"1","Canada","[11124]","1","","",,
"2","Gross withdrawals","","1","","",,
"2","Marketable production","","2","","",2,
"2","Imports","","3","","",3,
"2","Residential consumption","","4","","",,
"2","Industrial consumption","","5","","",4,
"2","Commercial consumption","","6","","",,
"2","Exports","","7","","",5,
"2","Opening inventory","","8","","",,
"2","Closing inventory","","9","","",,
"2","Inventory change","","10","","",,
"3","Cubic metres","","1","","",,
"3","Gigajoules","","2","","",,

Symbol Legend
Description,Symbol
"not available for a specific reference period","..",
"less than the limit of detection","<LOD",
"value rounded to 0 (zero) where there is a meaningful distinction between true zero and the value that was rounded","0s",
"data quality: excellent","A",
"data quality: very good","B",
"data quality: good","C",
"data quality: acceptable","D",
"use with caution","E",
"too unreliable to be published","F",
"not applicable","...",
"preliminary","p",
"revised","r",
"suppressed to meet the confidentiality requirements of the Statistics Act","x",
"terminated","t",

"Survey Code","Survey Name"
"2198","Crude Oil and Natural Gas"

"Subject Code","Subject Name"
"25","Energy"

"Note ID",Note
1,"Changes have been made to the content and methodology of the Monthly Supply and Disposition of Natural Gas. These new changes have resulted in the creation of table 25-10-0055. Consequently, the information in this table is no longer directly comparable with information that was previously made available in table 25-10-0047. This historical table will remain available for historical revisions."
2,"Total marketable gas production includes gas received from fields and processing or reprocessing plants after deducting volumes from re-injection, field uses, processing and reprocessing plant shrinkage, plant use and losses."
3,"Imports include all natural gas and liquefied natural gas (LNG) entering a region at the Canadian / United States border. It may include natural gas destined for re-export."
4,"Industrial consumption includes all natural gas delivered by pipeline systems to industrial consumers. It excludes natural gas consumed in the natural gas extraction process. It may also exclude associated gas consumed in the extraction of oil and oilsands."
5,"Exports include all natural gas and liquefied natural gas (LNG) exiting a region at the Canadian / United States border. It may include natural gas destined for re-import."
6,"Totals may not equal the sum of their parts due to the use of conversion factors or rounding of fractions to whole numbers.
"

"Correction ID","Correction Date","Correction Note"
"3579","2023-02-08","On February 8, 2023, the values for Gross withdrawals of natural gas have been corrected for the months October and November, 2022 for the province of Saskatchewan and for Canada.",

