,<-- Navigate by typing to search,,,,,,,,,,,,,,,,,,,,,,
Branch,Type,Region,Sector,Service,Technology,Parameter,Context,Sub_Context,Target,Source,Unit,2000,2005,2010,2015,2020,2025,2030,2035,2040,2045,2050,Comments
CIMS.CAN.AB.Coal Mining,Sector,AB,Coal Mining,,,tax,CO2,Combustion,,Govt of Canada,$/tCO2e,0,0,0,0,30,68.3416433308258,100.321349739947,82.639006798408,67.7589212708769,55.5794083556033,45.7890617457793,
CIMS.CAN.AB.Natural Gas,Sector,AB,Natural Gas,,,tax,CO2,Combustion,,Govt of Canada,$/tCO2e,0,0,0,0,30,68.3416433308258,100.321349739947,82.639006798408,67.7589212708769,55.5794083556033,45.7890617457793,
CIMS.CAN.AB.Petroleum Crude,Sector,AB,Petroleum Crude,,,tax,CO2,Combustion,,Govt of Canada,$/tCO2e,0,0,0,0,30,68.3416433308258,100.321349739947,82.639006798408,67.7589212708769,55.5794083556033,45.7890617457793,
CIMS.CAN.AB.Petroleum Refining,Sector,AB,Petroleum Refining,,,tax,CO2,Combustion,,Govt of Canada,$/tCO2e,0,0,0,0,30,68.3416433308258,100.321349739947,82.639006798408,67.7589212708769,55.5794083556033,45.7890617457793,
CIMS.CAN.AB.Industrial Minerals,Sector,AB,Industrial Minerals,,,tax,CO2,Combustion,,Govt of Canada,$/tCO2e,0,0,0,0,30,68.3416433308258,100.321349739947,82.639006798408,67.7589212708769,55.5794083556033,45.7890617457793,
CIMS.CAN.AB.Chemical Products,Sector,AB,Chemical Products,,,tax,CO2,Combustion,,Govt of Canada,$/tCO2e,0,0,0,0,30,68.3416433308258,100.321349739947,82.639006798408,67.7589212708769,55.5794083556033,45.7890617457793,
CIMS.CAN.AB.Pulp and Paper,Sector,AB,Pulp and Paper,,,tax,CO2,Combustion,,Govt of Canada,$/tCO2e,0,0,0,0,30,68.3416433308258,100.321349739947,82.639006798408,67.7589212708769,55.5794083556033,45.7890617457793,
CIMS.CAN.AB.Light Industrial.Manufacturing.Food Tobacco and Beverage,Sector,AB,Food Tobacco and Beverage,,,tax,CO2,Combustion,,Govt of Canada,$/tCO2e,0,0,0,0,30,68.3416433308258,100.321349739947,82.639006798408,67.7589212708769,55.5794083556033,45.7890617457793,
CIMS.CAN.AB.Light Industrial.Manufacturing.Transportation Equipment,Sector,AB,Transportation Equipment,,,tax,CO2,Combustion,,Govt of Canada,$/tCO2e,0,0,0,0,30,68.3416433308258,100.321349739947,82.639006798408,67.7589212708769,55.5794083556033,45.7890617457793,
CIMS.CAN.AB.Electricity,Sector,AB,Electricity,,,tax,CO2,Combustion,,Govt of Canada,$/tCO2e,0,0,0,0,30,68.3416433308258,100.321349739947,82.639006798408,67.7589212708769,55.5794083556033,45.7890617457793,
CIMS.CAN.AB.Coal Mining,Sector,AB,Coal Mining,,,tax,CO2,Process,,Govt of Canada,$/tCO2e,0,0,0,0,30,68.3416433308258,100.321349739947,82.639006798408,67.7589212708769,55.5794083556033,45.7890617457793,
CIMS.CAN.AB.Natural Gas,Sector,AB,Natural Gas,,,tax,CO2,Process,,Govt of Canada,$/tCO2e,0,0,0,0,30,68.3416433308258,100.321349739947,82.639006798408,67.7589212708769,55.5794083556033,45.7890617457793,
CIMS.CAN.AB.Petroleum Crude,Sector,AB,Petroleum Crude,,,tax,CO2,Process,,Govt of Canada,$/tCO2e,0,0,0,0,30,68.3416433308258,100.321349739947,82.639006798408,67.7589212708769,55.5794083556033,45.7890617457793,
CIMS.CAN.AB.Petroleum Refining,Sector,AB,Petroleum Refining,,,tax,CO2,Process,,Govt of Canada,$/tCO2e,0,0,0,0,30,68.3416433308258,100.321349739947,82.639006798408,67.7589212708769,55.5794083556033,45.7890617457793,
CIMS.CAN.AB.Industrial Minerals,Sector,AB,Industrial Minerals,,,tax,CO2,Process,,Govt of Canada,$/tCO2e,0,0,0,0,30,68.3416433308258,100.321349739947,82.639006798408,67.7589212708769,55.5794083556033,45.7890617457793,
CIMS.CAN.AB.Chemical Products,Sector,AB,Chemical Products,,,tax,CO2,Process,,Govt of Canada,$/tCO2e,0,0,0,0,30,68.3416433308258,100.321349739947,82.639006798408,67.7589212708769,55.5794083556033,45.7890617457793,
CIMS.CAN.AB.Pulp and Paper,Sector,AB,Pulp and Paper,,,tax,CO2,Process,,Govt of Canada,$/tCO2e,0,0,0,0,30,68.3416433308258,100.321349739947,82.639006798408,67.7589212708769,55.5794083556033,45.7890617457793,
CIMS.CAN.AB.Light Industrial.Manufacturing.Food Tobacco and Beverage,Sector,AB,Food Tobacco and Beverage,,,tax,CO2,Process,,Govt of Canada,$/tCO2e,0,0,0,0,30,68.3416433308258,100.321349739947,82.639006798408,67.7589212708769,55.5794083556033,45.7890617457793,
CIMS.CAN.AB.Light Industrial.Manufacturing.Transportation Equipment,Sector,AB,Transportation Equipment,,,tax,CO2,Process,,Govt of Canada,$/tCO2e,0,0,0,0,30,68.3416433308258,100.321349739947,82.639006798408,67.7589212708769,55.5794083556033,45.7890617457793,
CIMS.CAN.AB.Electricity,Sector,AB,Electricity,,,tax,CO2,Process,,Govt of Canada,$/tCO2e,0,0,0,0,30,68.3416433308258,100.321349739947,82.639006798408,67.7589212708769,55.5794083556033,45.7890617457793,
CIMS.CAN.AB.Coal Mining,Sector,AB,Coal Mining,,,tax,CH4,Process,,Govt of Canada,$/tCO2e,0,0,0,0,30,68.3416433308258,100.321349739947,82.639006798408,67.7589212708769,55.5794083556033,45.7890617457793,
CIMS.CAN.AB.Natural Gas,Sector,AB,Natural Gas,,,tax,CH4,Process,,Govt of Canada,$/tCO2e,0,0,0,0,30,68.3416433308258,100.321349739947,82.639006798408,67.7589212708769,55.5794083556033,45.7890617457793,
CIMS.CAN.AB.Petroleum Crude,Sector,AB,Petroleum Crude,,,tax,CH4,Process,,Govt of Canada,$/tCO2e,0,0,0,0,30,68.3416433308258,100.321349739947,82.639006798408,67.7589212708769,55.5794083556033,45.7890617457793,
CIMS.CAN.AB.Petroleum Refining,Sector,AB,Petroleum Refining,,,tax,CH4,Process,,Govt of Canada,$/tCO2e,0,0,0,0,30,68.3416433308258,100.321349739947,82.639006798408,67.7589212708769,55.5794083556033,45.7890617457793,
CIMS.CAN.AB.Industrial Minerals,Sector,AB,Industrial Minerals,,,tax,CH4,Process,,Govt of Canada,$/tCO2e,0,0,0,0,30,68.3416433308258,100.321349739947,82.639006798408,67.7589212708769,55.5794083556033,45.7890617457793,
CIMS.CAN.AB.Chemical Products,Sector,AB,Chemical Products,,,tax,CH4,Process,,Govt of Canada,$/tCO2e,0,0,0,0,30,68.3416433308258,100.321349739947,82.639006798408,67.7589212708769,55.5794083556033,45.7890617457793,
CIMS.CAN.AB.Pulp and Paper,Sector,AB,Pulp and Paper,,,tax,CH4,Process,,Govt of Canada,$/tCO2e,0,0,0,0,30,68.3416433308258,100.321349739947,82.639006798408,67.7589212708769,55.5794083556033,45.7890617457793,
CIMS.CAN.AB.Light Industrial.Manufacturing.Food Tobacco and Beverage,Sector,AB,Food Tobacco and Beverage,,,tax,CH4,Process,,Govt of Canada,$/tCO2e,0,0,0,0,30,68.3416433308258,100.321349739947,82.639006798408,67.7589212708769,55.5794083556033,45.7890617457793,
CIMS.CAN.AB.Light Industrial.Manufacturing.Transportation Equipment,Sector,AB,Transportation Equipment,,,tax,CH4,Process,,Govt of Canada,$/tCO2e,0,0,0,0,30,68.3416433308258,100.321349739947,82.639006798408,67.7589212708769,55.5794083556033,45.7890617457793,
CIMS.CAN.AB.Electricity,Sector,AB,Electricity,,,tax,CH4,Process,,Govt of Canada,$/tCO2e,0,0,0,0,30,68.3416433308258,100.321349739947,82.639006798408,67.7589212708769,55.5794083556033,45.7890617457793,
CIMS.CAN.AB.Coal Mining,Sector,AB,Coal Mining,,,tax,N2O,Process,,Govt of Canada,$/tCO2e,0,0,0,0,30,68.3416433308258,100.321349739947,82.639006798408,67.7589212708769,55.5794083556033,45.7890617457793,
CIMS.CAN.AB.Natural Gas,Sector,AB,Natural Gas,,,tax,N2O,Process,,Govt of Canada,$/tCO2e,0,0,0,0,30,68.3416433308258,100.321349739947,82.639006798408,67.7589212708769,55.5794083556033,45.7890617457793,
CIMS.CAN.AB.Petroleum Crude,Sector,AB,Petroleum Crude,,,tax,N2O,Process,,Govt of Canada,$/tCO2e,0,0,0,0,30,68.3416433308258,100.321349739947,82.639006798408,67.7589212708769,55.5794083556033,45.7890617457793,
CIMS.CAN.AB.Petroleum Refining,Sector,AB,Petroleum Refining,,,tax,N2O,Process,,Govt of Canada,$/tCO2e,0,0,0,0,30,68.3416433308258,100.321349739947,82.639006798408,67.7589212708769,55.5794083556033,45.7890617457793,
CIMS.CAN.AB.Industrial Minerals,Sector,AB,Industrial Minerals,,,tax,N2O,Process,,Govt of Canada,$/tCO2e,0,0,0,0,30,68.3416433308258,100.321349739947,82.639006798408,67.7589212708769,55.5794083556033,45.7890617457793,
CIMS.CAN.AB.Chemical Products,Sector,AB,Chemical Products,,,tax,N2O,Process,,Govt of Canada,$/tCO2e,0,0,0,0,30,68.3416433308258,100.321349739947,82.639006798408,67.7589212708769,55.5794083556033,45.7890617457793,
CIMS.CAN.AB.Pulp and Paper,Sector,AB,Pulp and Paper,,,tax,N2O,Process,,Govt of Canada,$/tCO2e,0,0,0,0,30,68.3416433308258,100.321349739947,82.639006798408,67.7589212708769,55.5794083556033,45.7890617457793,
CIMS.CAN.AB.Light Industrial.Manufacturing.Food Tobacco and Beverage,Sector,AB,Food Tobacco and Beverage,,,tax,N2O,Process,,Govt of Canada,$/tCO2e,0,0,0,0,30,68.3416433308258,100.321349739947,82.639006798408,67.7589212708769,55.5794083556033,45.7890617457793,
CIMS.CAN.AB.Light Industrial.Manufacturing.Transportation Equipment,Sector,AB,Transportation Equipment,,,tax,N2O,Process,,Govt of Canada,$/tCO2e,0,0,0,0,30,68.3416433308258,100.321349739947,82.639006798408,67.7589212708769,55.5794083556033,45.7890617457793,
CIMS.CAN.AB.Electricity,Sector,AB,Electricity,,,tax,N2O,Process,,Govt of Canada,$/tCO2e,0,0,0,0,30,68.3416433308258,100.321349739947,82.639006798408,67.7589212708769,55.5794083556033,45.7890617457793,
