﻿"Cube Title","Product Id","CANSIM Id",URL,"Cube Notes","Archive Status",Frequency,"Start Reference Period","End Reference Period","Total number of dimensions"
"Crude oil and equivalent, monthly supply and disposition",25100014,126-0001,"https://www150.statcan.gc.ca/t1/tbl1/en/tv.action?pid=2510001401",,"CURRENT - a cube available to the public and that is current",Monthly,1985-01-01,2016-02-01,2

"Dimension ID","Dimension name","Dimension Notes","Dimension Definitions"
1,Geography,,
2,"Supply and disposition",,

"Dimension ID","Member Name","Classification Code","Member ID","Parent Member ID",Terminated,"Member Notes","Member Definitions"
1,Canada,11124,1,,,,
1,"Atlantic provinces",1,2,1,,1,
1,Ontario,35,3,1,,,
1,Manitoba,46,4,1,,,
1,Saskatchewan,47,5,1,,,
1,Alberta,48,6,1,,,
1,"British Columbia",59,7,1,,,
1,"Northwest Territories",61,8,1,,2,
1,"Foreign source",,9,1,,,
1,"Newfoundland and Labrador",10,10,2,,,
1,"Nova Scotia",12,11,2,,,
2,"Total supply",,1,,,3;4,
2,"Total net withdrawals",,2,1,,3,
2,"Total crude production",,3,2,,,
2,"Heavy crude oil",,4,3,,,
2,"Light and medium crude oil",,5,3,,,
2,"Synthetic crude oil",,6,3,,,
2,"Crude bitumen",,7,3,,,
2,Condensate,,8,2,,,
2,"Pentanes plus",,9,2,,,
2,Imports,,10,1,,,
2,"Total disposition",,11,,,,
2,"Total disposition to refineries",,12,11,,,
2,"To refineries, Atlantic provinces",,13,12,,,
2,"To refineries, Quebec",,14,12,,,
2,"To refineries, Ontario",,15,12,,,
2,"To refineries, Manitoba",,16,12,,,
2,"To refineries, Saskatchewan",,17,12,,,
2,"To refineries, Alberta",,18,12,,,
2,"To refineries, British Columbia",,19,12,,,
2,"To refineries, Northwest Territories",,20,12,,,
2,"Total exports",,21,11,,,
2,"Export to the United States",,22,21,,,
2,"Export to the United States, district I",,23,22,,,
2,"Export to the United States, district II",,24,22,,,
2,"Export to the United States, district III",,25,22,,,
2,"Export to the United States, district IV",,26,22,,,
2,"Export to the United States, district V",,27,22,,,
2,"Export to other countries",,28,21,,,
2,"Net inventory changes",,29,11,,,
2,"Opening inventory fields and plants",,30,29,,,
2,"Opening inventory transporters",,31,29,,,
2,"Closing inventory fields and plants",,32,29,,,
2,"Closing inventory transporters",,33,29,,,
2,"Deliveries to other purchasers",,34,11,,,
2,"Losses and adjustments",,35,11,,,

Symbol Legend
Description,Symbol
"not available for a specific reference period",..
"less than the limit of detection",<LOD
"value rounded to 0 (zero) where there is a meaningful distinction between true zero and the value that was rounded",0s
"data quality: excellent",A
"data quality: very good",B
"data quality: good",C
"data quality: acceptable",D
"use with caution",E
"too unreliable to be published.",F
"not applicable",...
preliminary,p
revised,r
"suppressed to meet the confidentiality requirements of the Statistics Act",x
terminated,t

"Survey Code","Survey Name"
2198,"Crude Oil and Natural Gas"

"Subject Code","Subject Name"
25,Energy

"Note ID",Note
1,"Atlantic provinces include, Newfoundland and Labrador, Nova Scotia, New Brunswick and Quebec."
2,"Prior to April 1, 1999 Northwest Territories includes the area now know as Nunavut. After April 1, 1999 Northwest Territories excludes the area now known as Nunavut."
3,"Includes crude oil, condensate and pentanes plus."
4,"Deliveries to refineries and exports do not add to total supply due to losses, other uses and inventory changes."

"Correction ID","Correction Date","Correction Note"

