﻿"Cube Title","Product Id","CANSIM Id",URL,"Cube Notes","Archive Status",Frequency,"Start Reference Period","End Reference Period","Total number of dimensions"
"Coal and coke statistics","25100048","303-0016","https://www150.statcan.gc.ca/t1/tbl1/en/tv.action?pid=2510004801",,"ARCHIVED -  a cube publicly available but no longer being updated","Monthly","1946-01-01","2007-12-01","2",

"Dimension ID","Dimension name","Dimension Notes","Dimension Definitions"
"1","Geography",,""
"2","Coal and coke, components",,""

"Dimension ID","Member Name","Classification Code","Member ID","Parent Member ID",Terminated,"Member Notes","Member Definitions"
"1","Nova Scotia","","2","1","",,
"1","New Brunswick","","3","1","",,
"1","Saskatchewan","","4","1","",,
"1","Alberta","","5","1","",,
"1","British Columbia","","6","1","",,
"1","Canada","","1","","",,
"2","Bituminous","","2","1","",1,
"2","Subbituminous","","3","1","",2,
"2","Lignite","","4","1","",3,
"2","Total coal production, all types","","1","","",,
"2","Landed imports of coal","","5","","t",4,
"2","Coal exports","","6","","",5,
"2","Coal made available for consumption","","7","","t",6,
"2","Coke production","","8","","",7,

Symbol Legend
Description,Symbol
"not available for a specific reference period","..",
"less than the limit of detection","<LOD",
"value rounded to 0 (zero) where there is a meaningful distinction between true zero and the value that was rounded","0s",
"data quality: excellent","A",
"data quality: very good","B",
"data quality: good","C",
"data quality: acceptable","D",
"use with caution","E",
"too unreliable to be published","F",
"not applicable","...",
"preliminary","p",
"revised","r",
"suppressed to meet the confidentiality requirements of the Statistics Act","x",
"terminated","t",

"Survey Code","Survey Name"
"2003","Monthly Coke Supply and Disposition Survey"
"2147","Monthly Coal Supply and Disposition Survey"

"Subject Code","Subject Name"
"25","Energy"

"Note ID",Note
1,"Bituminous: A dense, black coal, often with well-defined bands of bright and dull material with a moisture content usually less than 20%. Used primarily for generating electricity, making coke and space heating."
2,"Subbituminous: A black coal used primarily for thermal generation with a moisture content between 15% and 30%."
3,"Lignite: A brownish-black coal of low rank containing 30% to 40% moisture and volatile matter. Used almost exclusively for electric power generation."
4,"Now available on a quarterly basis; see CANSIM table 303-0017, Coal statistics, quarterly."
5,"Shipments of coal from a port to a customer reported on a "freight-on-board" basis by the seller."
6,"Now available on a quarterly basis; see CANSIM table 303-0017, Coal statistics, quarterly."
7,"Coke: A hard, porous product made from baking bituminous coal in ovens at high temperatures. Often used as a fuel and a reducing agent in smelting iron ore in a blast furnace."

"Correction ID","Correction Date","Correction Note"
