﻿"Cube Title","Product Id","CANSIM Id",URL,"Cube Notes","Archive Status",Frequency,"Start Reference Period","End Reference Period","Total number of dimensions"
"Natural gas, monthly supply and disposition","25100047","131-0001","https://www150.statcan.gc.ca/t1/tbl1/en/tv.action?pid=2510004701",,"CURRENT - a cube available to the public and that is current","Monthly","1985-01-01","2015-12-01","2",

"Dimension ID","Dimension name","Dimension Notes","Dimension Definitions"
"1","Geography",,""
"2","Total supply and disposition",,""

"Dimension ID","Member Name","Classification Code","Member ID","Parent Member ID",Terminated,"Member Notes","Member Definitions"
"1","New Brunswick and Quebec","","2","1","",,
"1","Ontario","[35]","3","1","",,
"1","Saskatchewan","[47]","4","1","",,
"1","Alberta","[48]","5","1","",,
"1","British Columbia","[59]","6","1","",,
"1","Yukon and Northwest Territories","","7","1","",1,
"1","Foreign source","","10","1","",,
"1","Newfoundland and Labrador","[10]","11","1","",,
"1","Nova Scotia","[12]","12","1","",,
"1","New Brunswick","[13]","13","1","",,
"1","Quebec","[24]","14","1","",,
"1","Northwest Territories","[61]","8","7","",1,
"1","Yukon","[60]","9","7","",,
"1","Canada","[11124]","1","","",,
"2","Receipts from distributor storage","","13","1","",,
"2","Imports","","14","1","",,
"2","Other receipts","","15","1","",,
"2","Total marketable gas","","2","1","",,
"2","Gathering system and processing plant","","9","2","",,
"2","Less, shrinkage","","10","2","",3,
"2","Less, plant use","","11","2","",4,
"2","Less, adjustment","","12","2","",,
"2","Deliveries of marketable gas","","32","2","",,
"2","Total disposition","","33","2","",,
"2","Net withdrawals","","3","2","",,
"2","Field disposition and use","","8","2","",,
"2","Gross new production","","4","3","",,
"2","Less field flared and waste","","5","3","",,
"2","Net new production","","6","3","",2,
"2","Less injected and stored","","7","3","",,
"2","Deliveries to distributor storage","","17","16","",,
"2","Line pack fluctuation","","18","16","",,
"2","Pipeline fuel","","19","16","",,
"2","Pipeline losses","","20","16","",,
"2","Exports","","21","16","",,
"2","Direct sales","","22","16","",5,
"2","Total utility sales","","23","16","",,
"2","Utility sales in New Brunswick","","24","23","",,
"2","Utility sales in Québec","","25","23","",,
"2","Utility sales in Ontario","","26","23","",,
"2","Utility sales in Manitoba","","27","23","",,
"2","Utility sales in Saskatchewan","","28","23","",,
"2","Utility sales in Alberta","","29","23","",,
"2","Utility sales in British Columbia","","30","23","",,
"2","Utility sales in Northwest Territories","","31","23","",,
"2","Utility sales in Nova Scotia","","34","23","",,
"2","Total net disposition","","16","","",,
"2","Total net supply","","1","","",,

Symbol Legend
Description,Symbol
"not available for a specific reference period","..",
"less than the limit of detection","<LOD",
"value rounded to 0 (zero) where there is a meaningful distinction between true zero and the value that was rounded","0s",
"data quality: excellent","A",
"data quality: very good","B",
"data quality: good","C",
"data quality: acceptable","D",
"use with caution","E",
"too unreliable to be published","F",
"not applicable","...",
"preliminary","p",
"revised","r",
"suppressed to meet the confidentiality requirements of the Statistics Act","x",
"terminated","t",

"Survey Code","Survey Name"
"2198","Crude Oil and Natural Gas"

"Subject Code","Subject Name"
"25","Energy"

"Note ID",Note
1,"Prior to April 1, 1999 Northwest Territories includes the area now known as Nunavut. After April 1, 1999 Northwest Territories excludes the area now known as Nunavut."
2,"Net new production by field and processing plants less field flared and waste, Canadian sources only."
3,"For Canada and Alberta, amounts here include gas use (reprocessing), shrinkage from table 25-10-0036."
4,"For Canada and Alberta, amounts here include gas use (reprocessing), flared and gas use (reprocessing), plant fuel from table 25-10-0036."
5,"Data prior to 2007 may exclude some volumes accounted for under utility sales."

"Correction ID","Correction Date","Correction Note"
