﻿"Cube Title","Product Id","CANSIM Id",URL,"Cube Notes","Archive Status",Frequency,"Start Reference Period","End Reference Period","Total number of dimensions"
"Supply and demand of primary and secondary energy in natural units","25100030","128-0017","https://www150.statcan.gc.ca/t1/tbl1/en/tv.action?pid=2510003001",1;2,"CURRENT - a cube available to the public and that is current","Annual","1995-01-01","2023-01-01","3",

"Dimension ID","Dimension name","Dimension Notes","Dimension Definitions"
"1","Geography",,""
"2","Fuel type",,""
"3","Supply and demand characteristics",,""

"Dimension ID","Member Name","Classification Code","Member ID","Parent Member ID",Terminated,"Member Notes","Member Definitions"
"1","Atlantic provinces","[1]","2","1","",,
"1","Quebec","[24]","7","1","",,
"1","Ontario","[35]","8","1","",,
"1","Manitoba","[46]","9","1","",,
"1","Saskatchewan","[47]","10","1","",,
"1","Alberta","[48]","11","1","",,
"1","British Columbia","[59]","12","1","",,
"1","Yukon, Northwest Territories and Nunavut","[6]","13","1","",,
"1","Newfoundland and Labrador","[10]","3","2","",,
"1","Prince Edward Island","[11]","4","2","",,
"1","Nova Scotia","[12]","5","2","",,
"1","New Brunswick","[13]","6","2","",,
"1","Yukon","[60]","14","13","",,
"1","Northwest Territories","[61]","15","13","",,
"1","Nunavut","[62]","16","13","",,
"1","Canada","[11124]","1","","",,
"2","Canadian bituminous, primary energy","","3","2","",,
"2","Sub bituminous, primary energy","","4","2","",,
"2","Lignite, primary energy","","5","2","",,
"2","Anthracite, primary energy","","6","2","",,
"2","Imported bituminous, primary energy","","7","2","",,
"2","Refinery liquefied petroleum gases (LPG's), secondary energy","","17","16","",,
"2","Still gas, secondary energy","","18","16","",,
"2","Motor gasoline, secondary energy","","19","16","",48,
"2","Kerosene and stove oil, secondary energy","","20","16","",,
"2","Diesel fuel oil, secondary energy","","21","16","",49,
"2","Light fuel oil, secondary energy","","22","16","",,
"2","Heavy fuel oil, secondary energy","","23","16","",,
"2","Petroleum coke, secondary energy","","24","16","",45;46,
"2","Aviation gasoline, secondary energy","","25","16","",,
"2","Aviation turbo fuel, secondary energy","","26","16","",,
"2","Non-energy products, secondary energy","","27","16","",,
"2","Total coal, primary energy","","2","","",,
"2","Crude oil, primary energy","","8","","",,
"2","Natural gas, primary energy","","9","","",,
"2","Gas plant natural gas liquids (NGL's), primary energy","","10","","",,
"2","Primary electricity, hydro and nuclear, primary energy","","11","","",,
"2","Steam, primary energy","","12","","",,
"2","Coke, secondary energy","","14","","",,
"2","Coke oven gas, secondary energy","","15","","",,
"2","Total refined petroleum products, secondary energy","","16","","",47,
"2","Secondary electricity, thermal, secondary energy","","33","","",42,
"2","Renewable fuels, primary energy","","34","","",44,
"3","Total industrial","","19","18","",43,
"3","Total transportation","","32","18","",21,
"3","Agriculture, fishing, hunting and trapping","","43","18","",26,
"3","Residential","","44","18","",27,
"3","Public administration","","45","18","",28,
"3","Commercial and other institutional","","46","18","",29,
"3","Statistical difference","","47","18","",,
"3","Total mining and oil and gas extraction","","20","19","",11,
"3","Total manufacturing","","22","19","",,
"3","Forestry and logging and support activities","","30","19","",19,
"3","Construction","","31","19","",20,
"3","Pulp and paper manufacturing","","23","22","",12,
"3","Iron and steel manufacturing","","24","22","",13,
"3","Aluminum and non-ferrous metal manufacturing","","25","22","",14,
"3","Cement manufacturing","","26","22","",15,
"3","Refined petroleum products manufacturing","","27","22","",16,
"3","Chemicals manufacturing","","28","22","",17,
"3","All other manufacturing","","29","22","",18,
"3","Railways","","33","32","",,
"3","Total airlines","","34","32","",,
"3","Total marine","","37","32","",,
"3","Pipelines","","40","32","",24,
"3","Road transport and urban transit","","41","32","",25,
"3","Retail pump sales","","42","32","",,
"3","Canadian airlines","","35","34","",22,
"3","Foreign airlines","","36","34","",,
"3","Canadian marine","","38","37","",23,
"3","Foreign marine","","39","37","",,
"3","Production","","1","","",,
"3","Exports","","2","","",,
"3","Imports","","3","","",,
"3","Inter-regional transfers","","4","","",3,
"3","Stock variation","","5","","",,
"3","Inter-product transfers","","6","","",4,
"3","Other adjustments","","7","","",5,
"3","Availability","","8","","",6,
"3","Stock change, utilities and industry","","9","","",,
"3","Transformed to electricity by utilities","","10","","",,
"3","Transformed to electricity by industry","","11","","",,
"3","Transformed to coke and manufactured gases","","12","","",,
"3","Transformed to refined petroleum products","","13","","",,
"3","Transformed to steam generation","","14","","",,
"3","Net supply","","15","","",7,
"3","Producer consumption","","16","","",8,
"3","Non-energy use","","17","","",9,
"3","Energy use, final demand","","18","","",10,

Symbol Legend
Description,Symbol
"not available for a specific reference period","..",
"less than the limit of detection","<LOD",
"value rounded to 0 (zero) where there is a meaningful distinction between true zero and the value that was rounded","0s",
"data quality: excellent","A",
"data quality: very good","B",
"data quality: good","C",
"data quality: acceptable","D",
"use with caution","E",
"too unreliable to be published","F",
"not applicable","...",
"preliminary","p",
"revised","r",
"suppressed to meet the confidentiality requirements of the Statistics Act","x",
"terminated","t",

"Survey Code","Survey Name"
"2003","Monthly Coke Supply and Disposition Survey"
"2147","Monthly Coal Supply and Disposition Survey"
"2148","Monthly Oil and Other Liquid Petroleum Products Pipeline Survey"
"2149","Monthly Natural Gas Transmission Survey"
"2150","Monthly Refined Petroleum Products"
"2167","Annual End-Use of Natural Gas Survey"
"2168","Annual Survey on End-Use of Refined Petroleum Products"
"2191","Monthly Oil Pipeline Statement"
"2194","Annual Electricity Supply and Disposition Survey"
"2196","Annual Survey of Electric Power Thermal Generating Station Fuel Consumption"
"2198","Crude Oil and Natural Gas"
"5047","Annual Industrial Consumption of Energy Survey"
"5168","Annual Survey of Secondary Distributors of Refined Petroleum Products"
"5215","Monthly Natural Gas Distribution Survey"
"5294","Monthly Renewable Fuel and Hydrogen Survey (MRFHS)"

"Subject Code","Subject Name"
"25","Energy"

"Note ID",Note
1,"For quarterly data on reference years prior to 2002, please see table 25-10-0005."
2,"Tables 25-10-0009, 25-10-0010 and 25-10-0012 have been archived and replaced with tables 25-10-0029, 25-10-0030 and 25-10-0031. Comparisons of the new datasets with earlier published datasets should be done with caution."
3,"Shows the net inter-regional movement of product between regions."
4,"Shows the transfer of similar products between different product forms; for example, still gas to natural gas, natural gas to produce hydrogen in petroleum refineries."
5,"Includes cyclical billing variations, metering differences and losses in transportation. In the case of crude oil, includes sales to non-refineries. For crude oil, coal, and natural gas liquids (NGL's) this flow is used to balance supply and disposition."
6,"The amount which was available for use. This includes the summation of production, imports, inter-regional transfers, inter-product transfers and other adjustments, less exports and stock variation."
7,"The amount available after the amounts used in transformation processes are subtracted. Availability minus stock change, utilities and industry, transformed to electricity - by utilities, transformed to electricity - by industry, transformed to coke and manufactured gases, transformed to refined products and transformed to steam generation."
8,"Producer consumption is the consumption by the producing industry of its own produced fuel; for example, refined petroleum products consumed by the refined petroleum products industry. It does not include consumption of energy forms produced by other energy supply industries; for example, it would exclude the use of natural gas by the petroleum refining industry."
9,"Amounts shown here are for amounts used for purposes other than fuel purposes. Includes products being used as petrochemical feedstock, anodes and/or cathodes, greases, lubricants, etcetera."
10,"The summation of the usage in mining and oil and gas extraction, manufacturing, forestry, construction, transportation, agriculture, residential, public administration and commercial and other institutional."
11,"Comprises of establishments primarily engaged in extracting naturally occurring minerals. This includes metal mines, non-metal mines, coal mines, crude petroleum and natural gas extraction industries, stone quarries gravel pits, exploration for minerals, development of mineral properties and contract drilling operations. Up to and including 2003: North American Industry Classification System (NAICS) code 21, excluding 213118, 213119 and part of 212326. After 2003: NAICS code 21."
12,"Includes establishments primarily engaged in manufacturing pulp, paper and paper products. Up to and including 2003; North American Industry Classification System (NAICS) codes 322111, 322112, 322122 and parts of 321216, 322121 and 322130. After 2003; NAICS code 322."
13,"Establishments primarily engaged in operating blast furnaces, casting mills, rolling mills or coke ovens operated in association with blast furnaces including steel foundries. Up to and including 2003; North American Industry Classification System (NAICS) codes 331110, 331221 and 331514. After 2003; NAICS codes 3311, 3312 and 33151."
14,"Establishments primarily engaged in the production of aluminum and the refining of non-ferrous metals. Up to and including 2003; North American Industry Classification System (NAICS) codes 331313 and 331410. After 2003; NAICS codes 3313, 3314 and 33152."
15,"Establishments primarily engaged in manufacturing cement. North American Industry Classification System (NAICS) code 327310. This classification does not include ready-mix concrete operations, which is included in other manufacturing."
16,"Establishments primarily engaged in manufacturing of a group of refined petroleum products including fuels, blended oils and greases. North American Industry Classification System (NAICS) code 324110."
17,"Establishments primarily engaged in manufacturing industrial organic and inorganic chemicals and chemical fertilizers. Up to and including 2003: North American Industry Classification System (NAICS) codes 325110, 325120, 325130, 325181, 325189, 325313 and parts of 325190, 325210, 325410 and 325610. After 2003: NAICS code 325."
18,"All other manufacturing industries (North American Industry Classification System (NAICS) codes 31, 32 and 33) not listed above. In some instances, this classification is used when no breakdown of the component manufacturing industries is provided."
19,"Establishments primarily engaged in forestry and logging services. North American Industry Classification System (NAICS) codes 113 and 1153."
20,"Establishments primarily engaged in the construction of buildings, highways, dams, etcetera, and those providing services to the construction industry. Special trade contractors primarily engaged in construction work is such specialties as plumbing, carpentry, painting, etcetera are included here. North American Industry Classification System (NAICS) code 23. Sales of asphalt (in non-energy refined petroleum products table) for paving purposes, regardless of the purchaser, are included here."
21,"In this sector, only the use of fuel by the transportation industry for transportation purposes are included. Excluded are any fuels used for activities not directly involved in transportation (for example; train stations, warehouses, airports, etcetera). These amounts are included in commercial and other institutional. Fuels, which have been purchased for use by the agriculture, commercial and public institutions sectors for transportation purposes, are included in the sectors to which the fuel was sold."
22,"Domestic airlines engaged primarily in the for-hire, common-carrier transportation of people and/or goods using aircraft, such as aeroplanes and helicopters. North American Industry Classification System (NAICS) code 481. Exclude foreign airlines. Also excluded are establishments engaged in providing specialty flying services such as aerial photography, surveying, air taxi, flying clubs, flying schools, recreation flying, etcetera, which are included in commercial and other institutional. Aerial crop spraying and/or crop dusting is considered to be agriculture."
23,"Establishments primarily engaged in the water transportation of passengers and goods, using equipment designed for those purposes and provided by ships of Canadian registry (flag). Commercial fishing is also included. North American Industry Classification System (NAICS) codes 1141 and 483. Excluded are usage by National Defence and the Canadian Coast Guard, which are included in public administration."
24,"Establishments primarily engaged in operating pipelines for the transport of natural gas, crude oil and other products. Also included are establishments engaged in the distribution of natural gas through a series of mains. North American Industry Classification System (NAICS) codes 486 and 2212."
25,"Establishments primarily engaged in truck transport services, in the operation of urban, interurban and rural transit systems, school buses, charter and sightseeing buses, taxis and limousine services to airports and stations. North American Industry Classification System (NAICS) codes 484, 485, 4871, 4879, 4884, 4885 and 4889."
26,"Establishments primarily engaged in agricultural, hunting and trapping activities. North American Industry Classification System (NAICS) codes 111, 112, 1142, 1151 and 1152. Excluded are any operations primarily engaged in food processing, farm machinery manufacture and repair."
27,"Includes all personal residences including single family residences, apartments, apartment hotels, condominiums and farm homes."
28,"Establishments of federal, provincial and municipal governments primarily engaged in activities associated with public administration. This includes such establishments such as the Federal Public Service, National Defence, Royal Canadian Mounted Police and provincial and local administrations. North American Industry Classification System (NAICS) code 91."
29,"Final consumers other than those listed above. This includes service industries related to mining, transportation, as well as storage and warehousing, communications and utility (excluding electricity and natural gas), wholesale and retail trade, finance and insurance, real estate and business service, education, health and social services and other service industries."
42,"Gases produced in the oil sands upgrading process and used for electricity production are reported under still gas fuel type."
43,"The summation of the usage in mining and oil and gas extraction, manufacturing, forestry and construction."
44,"Fuel ethanol, biodiesel, and renewable diesel fuel."
45,"Includes marketable petroleum coke and catalyst coke."
46,"Petroleum coke produced at upgraders is estimated from amounts delivered to market and used as plant fuel. Inventories held at upgraders are not included."
47,"The data includes blended renewable fuels such as ethanol, biodiesel and renewable diesel fuel. "
48,"The data includes blended renewable fuels such as ethanol. "
49,"The data includes blended renewable fuels such as biodiesel and renewable diesel fuel. "

"Correction ID","Correction Date","Correction Note"
