﻿"Cube Title","Product Id","CANSIM Id",URL,"Cube Notes","Archive Status",Frequency,"Start Reference Period","End Reference Period","Total number of dimensions"
"Supply and disposition of crude oil and equivalent","25100063","126-0003","https://www150.statcan.gc.ca/t1/tbl1/en/tv.action?pid=2510006301",1,"CURRENT - a cube available to the public and that is current","Monthly","2016-01-01","2024-09-01","3",

"Dimension ID","Dimension name","Dimension Notes","Dimension Definitions"
"1","Geography",,""
"2","Supply and disposition",2,""
"3","Units of measure",,""

"Dimension ID","Member Name","Classification Code","Member ID","Parent Member ID",Terminated,"Member Notes","Member Definitions"
"1","Quebec","[24]","6","1","",,
"1","Ontario","[35]","7","1","",,
"1","Manitoba","[46]","8","1","",,
"1","Saskatchewan","[47]","9","1","",,
"1","Alberta","[48]","10","1","",,
"1","British Columbia","[59]","11","1","",,
"1","Northwest Territories","[61]","12","1","",,
"1","Atlantic provinces","[1]","2","1","",,
"1","Newfoundland and Labrador","[10]","3","2","",,
"1","Nova Scotia","[12]","4","2","",,
"1","New Brunswick","[13]","5","2","",,
"1","Canada","[11124]","1","","",,
"2","Net Field production of crude oil","","3","2","",,
"2","Synthetic crude oil production","","10","2","",,
"2","Heavy crude oil","","4","3","",,
"2","Light and medium crude oil","","5","3","",,
"2","Non-upgraded production of crude bitumen","","6","3","",3,
"2","In-Situ crude bitumen production","","7","6","",,
"2","Mined crude bitumen production","","8","6","",,
"2","Crude bitumen sent for further processing","","9","6","",,
"2","Condensate","","12","11","",4,
"2","Pentanes plus","","13","11","",,
"2","Imports of crude oil and equivalent products by refineries","","15","14","",,
"2","Imports of crude oil and equivalent products by other","","16","14","",,
"2","Light and medium crude oil used as an input in refineries","","19","18","",,
"2","Heavy crude oil used as an input in refineries","","20","18","",,
"2","Crude bitumen used as an input in refineries","","21","18","",,
"2","Condensate and pentanes plus used as an input in refineries","","22","18","",,
"2","Synthetic crude oil used as an input in refineries","","23","18","",,
"2","Export to the United States","","25","24","",,
"2","Export to other countries","","28","24","",,
"2","Export to the United States by pipelines","","26","25","",,
"2","Export to the United States by other means","","27","25","",,
"2","Opening inventory","","30","29","",,
"2","Closing inventory","","34","29","",,
"2","Fields and plants","","31","30","",,
"2","Transporters","","32","30","",,
"2","Refineries","","33","30","",,
"2","Fields and plants","","35","34","",,
"2","Transporters","","36","34","",,
"2","Refineries","","37","34","",,
"2","Crude oil production","","2","","",,
"2","Equivalent products production","","11","","",,
"2","Imports","","14","","",5,
"2","Input to Canadian refineries","","18","","",6,
"2","Exports","","24","","",7,
"2","Net inventory changes","","29","","",,
"3","Cubic metres","","1","","",,
"3","Barrels","","2","","",,

Symbol Legend
Description,Symbol
"not available for a specific reference period","..",
"less than the limit of detection","<LOD",
"value rounded to 0 (zero) where there is a meaningful distinction between true zero and the value that was rounded","0s",
"data quality: excellent","A",
"data quality: very good","B",
"data quality: good","C",
"data quality: acceptable","D",
"use with caution","E",
"too unreliable to be published","F",
"not applicable","...",
"preliminary","p",
"revised","r",
"suppressed to meet the confidentiality requirements of the Statistics Act","x",
"terminated","t",

"Survey Code","Survey Name"
"2198","Crude Oil and Natural Gas"

"Subject Code","Subject Name"
"25","Energy"

"Note ID",Note
1,"Changes have been made to the content and methodology of the Monthly Supply and Disposition of Crude Oil and Equivalent. These new changes have resulted in the creation of table 25-10-0063. Consequently, the information in this table is no longer directly comparable with information that was previously made available in table 25-10-0014. This historical table will remain available for historical revisions."
2,"Total supply could be calculated by adding Crude oil production, Equivalent products production, and Imports. Total disposition could be calculated by adding Input to Canadian refineries, Exports, and Inventory changes."
3,"Non-upgraded production of crude bitumen is equal to the sum of In-Situ crude bitumen production and mined crude bitumen production, less the amount of crude bitumen sent for further processing."
4,"Condensate includes both lease condensate and plant condensate."
5,"Imports include both pipeline and non-pipeline imports."
6,"Deliveries to refineries and exports do not add to total supply due to losses, other uses and inventory changes."
7,"As of reference month January 2020, changes were made to the methodology for exports of crude oil by pipeline. These volumes are now allocated to the province where the product was loaded, as opposed to the province of clearance at the Canada – United States border (before January 2020). 
"

"Correction ID","Correction Date","Correction Note"
"3492","2022-08-15","On August 15, 2022, data in table 25-10-0063 pertaining to light, medium and heavy grade and total crude oil production in Saskatchewan and Canada was corrected for the period of May 2021. An error in the formula that had been used to calculate these numbers has been fixed.",

